dataset,study_id,unit_id,method,seed,ari,k_policy,ground_truth_kind,metric,score_aggregation
HER2ST__A,HER2ST,A,spagcn,42,0.1466672952541265,estimate,spatial_domain,ARI,unit_mean_over_seeds_registered
HER2ST__A,HER2ST,A,spagcn,1,0.1466672952541265,estimate,spatial_domain,ARI,unit_mean_over_seeds_registered
HER2ST__A,HER2ST,A,spagcn,2,0.1466672952541265,estimate,spatial_domain,ARI,unit_mean_over_seeds_registered
HER2ST__A,HER2ST,A,stagate,42,0.2012540588553014,estimate,spatial_domain,ARI,unit_mean_over_seeds_registered
HER2ST__A,HER2ST,A,stagate,1,0.2012540588553014,estimate,spatial_domain,ARI,unit_mean_over_seeds_registered
HER2ST__A,HER2ST,A,stagate,2,0.2012540588553014,estimate,spatial_domain,ARI,unit_mean_over_seeds_registered
HER2ST__A,HER2ST,A,graphst,42,0.2557448699417406,estimate,spatial_domain,ARI,unit_mean_over_seeds_registered
HER2ST__A,HER2ST,A,graphst,1,0.2557448699417406,estimate,spatial_domain,ARI,unit_mean_over_seeds_registered
HER2ST__A,HER2ST,A,graphst,2,0.2557448699417406,estimate,spatial_domain,ARI,unit_mean_over_seeds_registered
HER2ST__A,HER2ST,A,bayesspace,42,0.2847423836320203,estimate,spatial_domain,ARI,unit_mean_over_seeds_registered
HER2ST__A,HER2ST,A,bayesspace,1,0.2847423836320203,estimate,spatial_domain,ARI,unit_mean_over_seeds_registered
HER2ST__A,HER2ST,A,bayesspace,2,0.2847423836320203,estimate,spatial_domain,ARI,unit_mean_over_seeds_registered
HER2ST__A,HER2ST,A,banksy,42,0.2703377437115319,estimate,spatial_domain,ARI,unit_mean_over_seeds_registered
HER2ST__A,HER2ST,A,banksy,1,0.2703377437115319,estimate,spatial_domain,ARI,unit_mean_over_seeds_registered
HER2ST__A,HER2ST,A,banksy,2,0.2703377437115319,estimate,spatial_domain,ARI,unit_mean_over_seeds_registered
HER2ST__A,HER2ST,A,spectral,42,0.0736442414860714,estimate,spatial_domain,ARI,unit_mean_over_seeds_registered
HER2ST__A,HER2ST,A,spectral,1,0.0736442414860714,estimate,spatial_domain,ARI,unit_mean_over_seeds_registered
HER2ST__A,HER2ST,A,spectral,2,0.0736442414860714,estimate,spatial_domain,ARI,unit_mean_over_seeds_registered
HER2ST__A,HER2ST,A,gaussian_mixture,42,0.3391814141927183,estimate,spatial_domain,ARI,unit_mean_over_seeds_registered
HER2ST__A,HER2ST,A,gaussian_mixture,1,0.3391814141927183,estimate,spatial_domain,ARI,unit_mean_over_seeds_registered
HER2ST__A,HER2ST,A,gaussian_mixture,2,0.3391814141927183,estimate,spatial_domain,ARI,unit_mean_over_seeds_registered
HER2ST__A,HER2ST,A,kmeans,42,0.2779577259660968,estimate,spatial_domain,ARI,unit_mean_over_seeds_registered
HER2ST__A,HER2ST,A,kmeans,1,0.2779577259660968,estimate,spatial_domain,ARI,unit_mean_over_seeds_registered
HER2ST__A,HER2ST,A,kmeans,2,0.2779577259660968,estimate,spatial_domain,ARI,unit_mean_over_seeds_registered
HER2ST__A,HER2ST,A,agglomerative,42,0.3680827990506838,estimate,spatial_domain,ARI,unit_mean_over_seeds_registered
HER2ST__A,HER2ST,A,agglomerative,1,0.3680827990506838,estimate,spatial_domain,ARI,unit_mean_over_seeds_registered
HER2ST__A,HER2ST,A,agglomerative,2,0.3680827990506838,estimate,spatial_domain,ARI,unit_mean_over_seeds_registered
HER2ST__B,HER2ST,B,spagcn,42,0.1198361501310562,estimate,spatial_domain,ARI,unit_mean_over_seeds_registered
HER2ST__B,HER2ST,B,spagcn,1,0.1198361501310562,estimate,spatial_domain,ARI,unit_mean_over_seeds_registered
HER2ST__B,HER2ST,B,spagcn,2,0.1198361501310562,estimate,spatial_domain,ARI,unit_mean_over_seeds_registered
HER2ST__B,HER2ST,B,stagate,42,0.1789793724340864,estimate,spatial_domain,ARI,unit_mean_over_seeds_registered
HER2ST__B,HER2ST,B,stagate,1,0.1789793724340864,estimate,spatial_domain,ARI,unit_mean_over_seeds_registered
HER2ST__B,HER2ST,B,stagate,2,0.1789793724340864,estimate,spatial_domain,ARI,unit_mean_over_seeds_registered
HER2ST__B,HER2ST,B,graphst,42,0.2203295780806045,estimate,spatial_domain,ARI,unit_mean_over_seeds_registered
HER2ST__B,HER2ST,B,graphst,1,0.2203295780806045,estimate,spatial_domain,ARI,unit_mean_over_seeds_registered
HER2ST__B,HER2ST,B,graphst,2,0.2203295780806045,estimate,spatial_domain,ARI,unit_mean_over_seeds_registered
HER2ST__B,HER2ST,B,bayesspace,42,0.2269711105442712,estimate,spatial_domain,ARI,unit_mean_over_seeds_registered
HER2ST__B,HER2ST,B,bayesspace,1,0.2269711105442712,estimate,spatial_domain,ARI,unit_mean_over_seeds_registered
HER2ST__B,HER2ST,B,bayesspace,2,0.2269711105442712,estimate,spatial_domain,ARI,unit_mean_over_seeds_registered
HER2ST__B,HER2ST,B,banksy,42,0.2284837479353758,estimate,spatial_domain,ARI,unit_mean_over_seeds_registered
HER2ST__B,HER2ST,B,banksy,1,0.2284837479353758,estimate,spatial_domain,ARI,unit_mean_over_seeds_registered
HER2ST__B,HER2ST,B,banksy,2,0.2284837479353758,estimate,spatial_domain,ARI,unit_mean_over_seeds_registered
HER2ST__B,HER2ST,B,spectral,42,0.2235059597302327,estimate,spatial_domain,ARI,unit_mean_over_seeds_registered
HER2ST__B,HER2ST,B,spectral,1,0.2235059597302327,estimate,spatial_domain,ARI,unit_mean_over_seeds_registered
HER2ST__B,HER2ST,B,spectral,2,0.2235059597302327,estimate,spatial_domain,ARI,unit_mean_over_seeds_registered
HER2ST__B,HER2ST,B,gaussian_mixture,42,0.2227458283193843,estimate,spatial_domain,ARI,unit_mean_over_seeds_registered
HER2ST__B,HER2ST,B,gaussian_mixture,1,0.2227458283193843,estimate,spatial_domain,ARI,unit_mean_over_seeds_registered
HER2ST__B,HER2ST,B,gaussian_mixture,2,0.2227458283193843,estimate,spatial_domain,ARI,unit_mean_over_seeds_registered
HER2ST__B,HER2ST,B,kmeans,42,0.1863292383783523,estimate,spatial_domain,ARI,unit_mean_over_seeds_registered
HER2ST__B,HER2ST,B,kmeans,1,0.1863292383783523,estimate,spatial_domain,ARI,unit_mean_over_seeds_registered
HER2ST__B,HER2ST,B,kmeans,2,0.1863292383783523,estimate,spatial_domain,ARI,unit_mean_over_seeds_registered
HER2ST__B,HER2ST,B,agglomerative,42,0.2150199451972127,estimate,spatial_domain,ARI,unit_mean_over_seeds_registered
HER2ST__B,HER2ST,B,agglomerative,1,0.2150199451972127,estimate,spatial_domain,ARI,unit_mean_over_seeds_registered
HER2ST__B,HER2ST,B,agglomerative,2,0.2150199451972127,estimate,spatial_domain,ARI,unit_mean_over_seeds_registered
HER2ST__D,HER2ST,D,spagcn,42,0.2481360405027013,estimate,spatial_domain,ARI,unit_mean_over_seeds_registered
HER2ST__D,HER2ST,D,spagcn,1,0.2481360405027013,estimate,spatial_domain,ARI,unit_mean_over_seeds_registered
HER2ST__D,HER2ST,D,spagcn,2,0.2481360405027013,estimate,spatial_domain,ARI,unit_mean_over_seeds_registered
HER2ST__D,HER2ST,D,stagate,42,0.3173905960315339,estimate,spatial_domain,ARI,unit_mean_over_seeds_registered
HER2ST__D,HER2ST,D,stagate,1,0.3173905960315339,estimate,spatial_domain,ARI,unit_mean_over_seeds_registered
HER2ST__D,HER2ST,D,stagate,2,0.3173905960315339,estimate,spatial_domain,ARI,unit_mean_over_seeds_registered
HER2ST__D,HER2ST,D,graphst,42,0.2602002465898571,estimate,spatial_domain,ARI,unit_mean_over_seeds_registered
HER2ST__D,HER2ST,D,graphst,1,0.2602002465898571,estimate,spatial_domain,ARI,unit_mean_over_seeds_registered
HER2ST__D,HER2ST,D,graphst,2,0.2602002465898571,estimate,spatial_domain,ARI,unit_mean_over_seeds_registered
HER2ST__D,HER2ST,D,bayesspace,42,0.0352394243140777,estimate,spatial_domain,ARI,unit_mean_over_seeds_registered
HER2ST__D,HER2ST,D,bayesspace,1,0.0352394243140777,estimate,spatial_domain,ARI,unit_mean_over_seeds_registered
HER2ST__D,HER2ST,D,bayesspace,2,0.0352394243140777,estimate,spatial_domain,ARI,unit_mean_over_seeds_registered
HER2ST__D,HER2ST,D,banksy,42,0.3720971140072253,estimate,spatial_domain,ARI,unit_mean_over_seeds_registered
HER2ST__D,HER2ST,D,banksy,1,0.3720971140072253,estimate,spatial_domain,ARI,unit_mean_over_seeds_registered
HER2ST__D,HER2ST,D,banksy,2,0.3720971140072253,estimate,spatial_domain,ARI,unit_mean_over_seeds_registered
HER2ST__D,HER2ST,D,spectral,42,0.1197187450840683,estimate,spatial_domain,ARI,unit_mean_over_seeds_registered
HER2ST__D,HER2ST,D,spectral,1,0.1197187450840683,estimate,spatial_domain,ARI,unit_mean_over_seeds_registered
HER2ST__D,HER2ST,D,spectral,2,0.1197187450840683,estimate,spatial_domain,ARI,unit_mean_over_seeds_registered
HER2ST__D,HER2ST,D,gaussian_mixture,42,0.1141420128809582,estimate,spatial_domain,ARI,unit_mean_over_seeds_registered
HER2ST__D,HER2ST,D,gaussian_mixture,1,0.1141420128809582,estimate,spatial_domain,ARI,unit_mean_over_seeds_registered
HER2ST__D,HER2ST,D,gaussian_mixture,2,0.1141420128809582,estimate,spatial_domain,ARI,unit_mean_over_seeds_registered
HER2ST__D,HER2ST,D,kmeans,42,0.2354891592974999,estimate,spatial_domain,ARI,unit_mean_over_seeds_registered
HER2ST__D,HER2ST,D,kmeans,1,0.2354891592974999,estimate,spatial_domain,ARI,unit_mean_over_seeds_registered
HER2ST__D,HER2ST,D,kmeans,2,0.2354891592974999,estimate,spatial_domain,ARI,unit_mean_over_seeds_registered
HER2ST__D,HER2ST,D,agglomerative,42,0.1634321037033446,estimate,spatial_domain,ARI,unit_mean_over_seeds_registered
HER2ST__D,HER2ST,D,agglomerative,1,0.1634321037033446,estimate,spatial_domain,ARI,unit_mean_over_seeds_registered
HER2ST__D,HER2ST,D,agglomerative,2,0.1634321037033446,estimate,spatial_domain,ARI,unit_mean_over_seeds_registered
HER2ST__E,HER2ST,E,spagcn,42,0.0288300978903744,estimate,spatial_domain,ARI,unit_mean_over_seeds_registered
HER2ST__E,HER2ST,E,spagcn,1,0.0288300978903744,estimate,spatial_domain,ARI,unit_mean_over_seeds_registered
HER2ST__E,HER2ST,E,spagcn,2,0.0288300978903744,estimate,spatial_domain,ARI,unit_mean_over_seeds_registered
HER2ST__E,HER2ST,E,stagate,42,0.0171513041674677,estimate,spatial_domain,ARI,unit_mean_over_seeds_registered
HER2ST__E,HER2ST,E,stagate,1,0.0171513041674677,estimate,spatial_domain,ARI,unit_mean_over_seeds_registered
HER2ST__E,HER2ST,E,stagate,2,0.0171513041674677,estimate,spatial_domain,ARI,unit_mean_over_seeds_registered
HER2ST__E,HER2ST,E,graphst,42,0.0229926441024822,estimate,spatial_domain,ARI,unit_mean_over_seeds_registered
HER2ST__E,HER2ST,E,graphst,1,0.0229926441024822,estimate,spatial_domain,ARI,unit_mean_over_seeds_registered
HER2ST__E,HER2ST,E,graphst,2,0.0229926441024822,estimate,spatial_domain,ARI,unit_mean_over_seeds_registered
HER2ST__E,HER2ST,E,bayesspace,42,-0.0474891559541889,estimate,spatial_domain,ARI,unit_mean_over_seeds_registered
HER2ST__E,HER2ST,E,bayesspace,1,-0.0474891559541889,estimate,spatial_domain,ARI,unit_mean_over_seeds_registered
HER2ST__E,HER2ST,E,bayesspace,2,-0.0474891559541889,estimate,spatial_domain,ARI,unit_mean_over_seeds_registered
HER2ST__E,HER2ST,E,banksy,42,-0.0162733331266086,estimate,spatial_domain,ARI,unit_mean_over_seeds_registered
HER2ST__E,HER2ST,E,banksy,1,-0.0162733331266086,estimate,spatial_domain,ARI,unit_mean_over_seeds_registered
HER2ST__E,HER2ST,E,banksy,2,-0.0162733331266086,estimate,spatial_domain,ARI,unit_mean_over_seeds_registered
HER2ST__E,HER2ST,E,spectral,42,-0.0450274692814632,estimate,spatial_domain,ARI,unit_mean_over_seeds_registered
HER2ST__E,HER2ST,E,spectral,1,-0.0450274692814632,estimate,spatial_domain,ARI,unit_mean_over_seeds_registered
HER2ST__E,HER2ST,E,spectral,2,-0.0450274692814632,estimate,spatial_domain,ARI,unit_mean_over_seeds_registered
HER2ST__E,HER2ST,E,gaussian_mixture,42,0.0098878112121121,estimate,spatial_domain,ARI,unit_mean_over_seeds_registered
HER2ST__E,HER2ST,E,gaussian_mixture,1,0.0098878112121121,estimate,spatial_domain,ARI,unit_mean_over_seeds_registered
HER2ST__E,HER2ST,E,gaussian_mixture,2,0.0098878112121121,estimate,spatial_domain,ARI,unit_mean_over_seeds_registered
HER2ST__E,HER2ST,E,kmeans,42,0.0177239210462967,estimate,spatial_domain,ARI,unit_mean_over_seeds_registered
HER2ST__E,HER2ST,E,kmeans,1,0.0177239210462967,estimate,spatial_domain,ARI,unit_mean_over_seeds_registered
HER2ST__E,HER2ST,E,kmeans,2,0.0177239210462967,estimate,spatial_domain,ARI,unit_mean_over_seeds_registered
HER2ST__E,HER2ST,E,agglomerative,42,0.0191338350489409,estimate,spatial_domain,ARI,unit_mean_over_seeds_registered
HER2ST__E,HER2ST,E,agglomerative,1,0.0191338350489409,estimate,spatial_domain,ARI,unit_mean_over_seeds_registered
HER2ST__E,HER2ST,E,agglomerative,2,0.0191338350489409,estimate,spatial_domain,ARI,unit_mean_over_seeds_registered
HER2ST__F,HER2ST,F,spagcn,42,0.0948914299361849,estimate,spatial_domain,ARI,unit_mean_over_seeds_registered
HER2ST__F,HER2ST,F,spagcn,1,0.0948914299361849,estimate,spatial_domain,ARI,unit_mean_over_seeds_registered
HER2ST__F,HER2ST,F,spagcn,2,0.0948914299361849,estimate,spatial_domain,ARI,unit_mean_over_seeds_registered
HER2ST__F,HER2ST,F,stagate,42,0.0975718081541491,estimate,spatial_domain,ARI,unit_mean_over_seeds_registered
HER2ST__F,HER2ST,F,stagate,1,0.0975718081541491,estimate,spatial_domain,ARI,unit_mean_over_seeds_registered
HER2ST__F,HER2ST,F,stagate,2,0.0975718081541491,estimate,spatial_domain,ARI,unit_mean_over_seeds_registered
HER2ST__F,HER2ST,F,graphst,42,0.0730960762592047,estimate,spatial_domain,ARI,unit_mean_over_seeds_registered
HER2ST__F,HER2ST,F,graphst,1,0.0730960762592047,estimate,spatial_domain,ARI,unit_mean_over_seeds_registered
HER2ST__F,HER2ST,F,graphst,2,0.0730960762592047,estimate,spatial_domain,ARI,unit_mean_over_seeds_registered
HER2ST__F,HER2ST,F,bayesspace,42,0.003953561604503,estimate,spatial_domain,ARI,unit_mean_over_seeds_registered
HER2ST__F,HER2ST,F,bayesspace,1,0.003953561604503,estimate,spatial_domain,ARI,unit_mean_over_seeds_registered
HER2ST__F,HER2ST,F,bayesspace,2,0.003953561604503,estimate,spatial_domain,ARI,unit_mean_over_seeds_registered
HER2ST__F,HER2ST,F,banksy,42,0.1718249019502511,estimate,spatial_domain,ARI,unit_mean_over_seeds_registered
HER2ST__F,HER2ST,F,banksy,1,0.1718249019502511,estimate,spatial_domain,ARI,unit_mean_over_seeds_registered
HER2ST__F,HER2ST,F,banksy,2,0.1718249019502511,estimate,spatial_domain,ARI,unit_mean_over_seeds_registered
HER2ST__F,HER2ST,F,spectral,42,0.3240424369209016,estimate,spatial_domain,ARI,unit_mean_over_seeds_registered
HER2ST__F,HER2ST,F,spectral,1,0.3240424369209016,estimate,spatial_domain,ARI,unit_mean_over_seeds_registered
HER2ST__F,HER2ST,F,spectral,2,0.3240424369209016,estimate,spatial_domain,ARI,unit_mean_over_seeds_registered
HER2ST__F,HER2ST,F,gaussian_mixture,42,-0.0244277229882405,estimate,spatial_domain,ARI,unit_mean_over_seeds_registered
HER2ST__F,HER2ST,F,gaussian_mixture,1,-0.0244277229882405,estimate,spatial_domain,ARI,unit_mean_over_seeds_registered
HER2ST__F,HER2ST,F,gaussian_mixture,2,-0.0244277229882405,estimate,spatial_domain,ARI,unit_mean_over_seeds_registered
HER2ST__F,HER2ST,F,kmeans,42,-0.0082567815464037,estimate,spatial_domain,ARI,unit_mean_over_seeds_registered
HER2ST__F,HER2ST,F,kmeans,1,-0.0082567815464037,estimate,spatial_domain,ARI,unit_mean_over_seeds_registered
HER2ST__F,HER2ST,F,kmeans,2,-0.0082567815464037,estimate,spatial_domain,ARI,unit_mean_over_seeds_registered
HER2ST__F,HER2ST,F,agglomerative,42,-0.0464992968163863,estimate,spatial_domain,ARI,unit_mean_over_seeds_registered
HER2ST__F,HER2ST,F,agglomerative,1,-0.0464992968163863,estimate,spatial_domain,ARI,unit_mean_over_seeds_registered
HER2ST__F,HER2ST,F,agglomerative,2,-0.0464992968163863,estimate,spatial_domain,ARI,unit_mean_over_seeds_registered
HER2ST__H,HER2ST,H,spagcn,42,0.2699696324454133,estimate,spatial_domain,ARI,unit_mean_over_seeds_registered
HER2ST__H,HER2ST,H,spagcn,1,0.2699696324454133,estimate,spatial_domain,ARI,unit_mean_over_seeds_registered
HER2ST__H,HER2ST,H,spagcn,2,0.2699696324454133,estimate,spatial_domain,ARI,unit_mean_over_seeds_registered
HER2ST__H,HER2ST,H,stagate,42,0.3020464421586276,estimate,spatial_domain,ARI,unit_mean_over_seeds_registered
HER2ST__H,HER2ST,H,stagate,1,0.3020464421586276,estimate,spatial_domain,ARI,unit_mean_over_seeds_registered
HER2ST__H,HER2ST,H,stagate,2,0.3020464421586276,estimate,spatial_domain,ARI,unit_mean_over_seeds_registered
HER2ST__H,HER2ST,H,graphst,42,0.2614609297539217,estimate,spatial_domain,ARI,unit_mean_over_seeds_registered
HER2ST__H,HER2ST,H,graphst,1,0.2614609297539217,estimate,spatial_domain,ARI,unit_mean_over_seeds_registered
HER2ST__H,HER2ST,H,graphst,2,0.2614609297539217,estimate,spatial_domain,ARI,unit_mean_over_seeds_registered
HER2ST__H,HER2ST,H,bayesspace,42,0.2840303004812979,estimate,spatial_domain,ARI,unit_mean_over_seeds_registered
HER2ST__H,HER2ST,H,bayesspace,1,0.2840303004812979,estimate,spatial_domain,ARI,unit_mean_over_seeds_registered
HER2ST__H,HER2ST,H,bayesspace,2,0.2840303004812979,estimate,spatial_domain,ARI,unit_mean_over_seeds_registered
HER2ST__H,HER2ST,H,banksy,42,0.292790199862795,estimate,spatial_domain,ARI,unit_mean_over_seeds_registered
HER2ST__H,HER2ST,H,banksy,1,0.292790199862795,estimate,spatial_domain,ARI,unit_mean_over_seeds_registered
HER2ST__H,HER2ST,H,banksy,2,0.292790199862795,estimate,spatial_domain,ARI,unit_mean_over_seeds_registered
HER2ST__H,HER2ST,H,spectral,42,0.1780161041545115,estimate,spatial_domain,ARI,unit_mean_over_seeds_registered
HER2ST__H,HER2ST,H,spectral,1,0.1780161041545115,estimate,spatial_domain,ARI,unit_mean_over_seeds_registered
HER2ST__H,HER2ST,H,spectral,2,0.1780161041545115,estimate,spatial_domain,ARI,unit_mean_over_seeds_registered
HER2ST__H,HER2ST,H,gaussian_mixture,42,0.2479540986586204,estimate,spatial_domain,ARI,unit_mean_over_seeds_registered
HER2ST__H,HER2ST,H,gaussian_mixture,1,0.2479540986586204,estimate,spatial_domain,ARI,unit_mean_over_seeds_registered
HER2ST__H,HER2ST,H,gaussian_mixture,2,0.2479540986586204,estimate,spatial_domain,ARI,unit_mean_over_seeds_registered
HER2ST__H,HER2ST,H,kmeans,42,0.190761456340197,estimate,spatial_domain,ARI,unit_mean_over_seeds_registered
HER2ST__H,HER2ST,H,kmeans,1,0.190761456340197,estimate,spatial_domain,ARI,unit_mean_over_seeds_registered
HER2ST__H,HER2ST,H,kmeans,2,0.190761456340197,estimate,spatial_domain,ARI,unit_mean_over_seeds_registered
HER2ST__H,HER2ST,H,agglomerative,42,0.2048900923639545,estimate,spatial_domain,ARI,unit_mean_over_seeds_registered
HER2ST__H,HER2ST,H,agglomerative,1,0.2048900923639545,estimate,spatial_domain,ARI,unit_mean_over_seeds_registered
HER2ST__H,HER2ST,H,agglomerative,2,0.2048900923639545,estimate,spatial_domain,ARI,unit_mean_over_seeds_registered
CRC_V4__A120838,CRC_V4,A120838,spagcn,42,0.2217704088813963,estimate,spatial_domain,ARI,unit_mean_over_seeds_registered
CRC_V4__A120838,CRC_V4,A120838,spagcn,1,0.2217704088813963,estimate,spatial_domain,ARI,unit_mean_over_seeds_registered
CRC_V4__A120838,CRC_V4,A120838,spagcn,2,0.2217704088813963,estimate,spatial_domain,ARI,unit_mean_over_seeds_registered
CRC_V4__A120838,CRC_V4,A120838,stagate,42,0.2279197913041939,estimate,spatial_domain,ARI,unit_mean_over_seeds_registered
CRC_V4__A120838,CRC_V4,A120838,stagate,1,0.2279197913041939,estimate,spatial_domain,ARI,unit_mean_over_seeds_registered
CRC_V4__A120838,CRC_V4,A120838,stagate,2,0.2279197913041939,estimate,spatial_domain,ARI,unit_mean_over_seeds_registered
CRC_V4__A120838,CRC_V4,A120838,graphst,42,0.2014865477571279,estimate,spatial_domain,ARI,unit_mean_over_seeds_registered
CRC_V4__A120838,CRC_V4,A120838,graphst,1,0.2014865477571279,estimate,spatial_domain,ARI,unit_mean_over_seeds_registered
CRC_V4__A120838,CRC_V4,A120838,graphst,2,0.2014865477571279,estimate,spatial_domain,ARI,unit_mean_over_seeds_registered
CRC_V4__A120838,CRC_V4,A120838,bayesspace,42,0.0847199646423348,estimate,spatial_domain,ARI,unit_mean_over_seeds_registered
CRC_V4__A120838,CRC_V4,A120838,bayesspace,1,0.0847199646423348,estimate,spatial_domain,ARI,unit_mean_over_seeds_registered
CRC_V4__A120838,CRC_V4,A120838,bayesspace,2,0.0847199646423348,estimate,spatial_domain,ARI,unit_mean_over_seeds_registered
CRC_V4__A120838,CRC_V4,A120838,banksy,42,0.200800763776558,estimate,spatial_domain,ARI,unit_mean_over_seeds_registered
CRC_V4__A120838,CRC_V4,A120838,banksy,1,0.200800763776558,estimate,spatial_domain,ARI,unit_mean_over_seeds_registered
CRC_V4__A120838,CRC_V4,A120838,banksy,2,0.200800763776558,estimate,spatial_domain,ARI,unit_mean_over_seeds_registered
CRC_V4__A120838,CRC_V4,A120838,spectral,42,0.1626991176569421,estimate,spatial_domain,ARI,unit_mean_over_seeds_registered
CRC_V4__A120838,CRC_V4,A120838,spectral,1,0.1626991176569421,estimate,spatial_domain,ARI,unit_mean_over_seeds_registered
CRC_V4__A120838,CRC_V4,A120838,spectral,2,0.1626991176569421,estimate,spatial_domain,ARI,unit_mean_over_seeds_registered
CRC_V4__A120838,CRC_V4,A120838,gaussian_mixture,42,0.0505624880193491,estimate,spatial_domain,ARI,unit_mean_over_seeds_registered
CRC_V4__A120838,CRC_V4,A120838,gaussian_mixture,1,0.0505624880193491,estimate,spatial_domain,ARI,unit_mean_over_seeds_registered
CRC_V4__A120838,CRC_V4,A120838,gaussian_mixture,2,0.0505624880193491,estimate,spatial_domain,ARI,unit_mean_over_seeds_registered
CRC_V4__A120838,CRC_V4,A120838,kmeans,42,0.1571185689642199,estimate,spatial_domain,ARI,unit_mean_over_seeds_registered
CRC_V4__A120838,CRC_V4,A120838,kmeans,1,0.1571185689642199,estimate,spatial_domain,ARI,unit_mean_over_seeds_registered
CRC_V4__A120838,CRC_V4,A120838,kmeans,2,0.1571185689642199,estimate,spatial_domain,ARI,unit_mean_over_seeds_registered
CRC_V4__A120838,CRC_V4,A120838,agglomerative,42,0.1417548230625271,estimate,spatial_domain,ARI,unit_mean_over_seeds_registered
CRC_V4__A120838,CRC_V4,A120838,agglomerative,1,0.1417548230625271,estimate,spatial_domain,ARI,unit_mean_over_seeds_registered
CRC_V4__A120838,CRC_V4,A120838,agglomerative,2,0.1417548230625271,estimate,spatial_domain,ARI,unit_mean_over_seeds_registered
CRC_V4__A121573,CRC_V4,A121573,spagcn,42,0.3462504377688383,estimate,spatial_domain,ARI,unit_mean_over_seeds_registered
CRC_V4__A121573,CRC_V4,A121573,spagcn,1,0.3462504377688383,estimate,spatial_domain,ARI,unit_mean_over_seeds_registered
CRC_V4__A121573,CRC_V4,A121573,spagcn,2,0.3462504377688383,estimate,spatial_domain,ARI,unit_mean_over_seeds_registered
CRC_V4__A121573,CRC_V4,A121573,stagate,42,0.2516218175873576,estimate,spatial_domain,ARI,unit_mean_over_seeds_registered
CRC_V4__A121573,CRC_V4,A121573,stagate,1,0.2516218175873576,estimate,spatial_domain,ARI,unit_mean_over_seeds_registered
CRC_V4__A121573,CRC_V4,A121573,stagate,2,0.2516218175873576,estimate,spatial_domain,ARI,unit_mean_over_seeds_registered
CRC_V4__A121573,CRC_V4,A121573,graphst,42,0.2443118864721281,estimate,spatial_domain,ARI,unit_mean_over_seeds_registered
CRC_V4__A121573,CRC_V4,A121573,graphst,1,0.2443118864721281,estimate,spatial_domain,ARI,unit_mean_over_seeds_registered
CRC_V4__A121573,CRC_V4,A121573,graphst,2,0.2443118864721281,estimate,spatial_domain,ARI,unit_mean_over_seeds_registered
CRC_V4__A121573,CRC_V4,A121573,bayesspace,42,0.3009038939413416,estimate,spatial_domain,ARI,unit_mean_over_seeds_registered
CRC_V4__A121573,CRC_V4,A121573,bayesspace,1,0.3009038939413416,estimate,spatial_domain,ARI,unit_mean_over_seeds_registered
CRC_V4__A121573,CRC_V4,A121573,bayesspace,2,0.3009038939413416,estimate,spatial_domain,ARI,unit_mean_over_seeds_registered
CRC_V4__A121573,CRC_V4,A121573,banksy,42,0.248154003807406,estimate,spatial_domain,ARI,unit_mean_over_seeds_registered
CRC_V4__A121573,CRC_V4,A121573,banksy,1,0.248154003807406,estimate,spatial_domain,ARI,unit_mean_over_seeds_registered
CRC_V4__A121573,CRC_V4,A121573,banksy,2,0.248154003807406,estimate,spatial_domain,ARI,unit_mean_over_seeds_registered
CRC_V4__A121573,CRC_V4,A121573,spectral,42,0.2949107423591787,estimate,spatial_domain,ARI,unit_mean_over_seeds_registered
CRC_V4__A121573,CRC_V4,A121573,spectral,1,0.2949107423591787,estimate,spatial_domain,ARI,unit_mean_over_seeds_registered
CRC_V4__A121573,CRC_V4,A121573,spectral,2,0.2949107423591787,estimate,spatial_domain,ARI,unit_mean_over_seeds_registered
CRC_V4__A121573,CRC_V4,A121573,gaussian_mixture,42,0.2829233291096481,estimate,spatial_domain,ARI,unit_mean_over_seeds_registered
CRC_V4__A121573,CRC_V4,A121573,gaussian_mixture,1,0.2829233291096481,estimate,spatial_domain,ARI,unit_mean_over_seeds_registered
CRC_V4__A121573,CRC_V4,A121573,gaussian_mixture,2,0.2829233291096481,estimate,spatial_domain,ARI,unit_mean_over_seeds_registered
CRC_V4__A121573,CRC_V4,A121573,kmeans,42,0.2559209628093339,estimate,spatial_domain,ARI,unit_mean_over_seeds_registered
CRC_V4__A121573,CRC_V4,A121573,kmeans,1,0.2559209628093339,estimate,spatial_domain,ARI,unit_mean_over_seeds_registered
CRC_V4__A121573,CRC_V4,A121573,kmeans,2,0.2559209628093339,estimate,spatial_domain,ARI,unit_mean_over_seeds_registered
CRC_V4__A121573,CRC_V4,A121573,agglomerative,42,0.2639668672941862,estimate,spatial_domain,ARI,unit_mean_over_seeds_registered
CRC_V4__A121573,CRC_V4,A121573,agglomerative,1,0.2639668672941862,estimate,spatial_domain,ARI,unit_mean_over_seeds_registered
CRC_V4__A121573,CRC_V4,A121573,agglomerative,2,0.2639668672941862,estimate,spatial_domain,ARI,unit_mean_over_seeds_registered
CRC_V4__A416371,CRC_V4,A416371,spagcn,42,0.031326807397457,estimate,spatial_domain,ARI,unit_mean_over_seeds_registered
CRC_V4__A416371,CRC_V4,A416371,spagcn,1,0.031326807397457,estimate,spatial_domain,ARI,unit_mean_over_seeds_registered
CRC_V4__A416371,CRC_V4,A416371,spagcn,2,0.031326807397457,estimate,spatial_domain,ARI,unit_mean_over_seeds_registered
CRC_V4__A416371,CRC_V4,A416371,stagate,42,0.0261385744271962,estimate,spatial_domain,ARI,unit_mean_over_seeds_registered
CRC_V4__A416371,CRC_V4,A416371,stagate,1,0.0261385744271962,estimate,spatial_domain,ARI,unit_mean_over_seeds_registered
CRC_V4__A416371,CRC_V4,A416371,stagate,2,0.0261385744271962,estimate,spatial_domain,ARI,unit_mean_over_seeds_registered
CRC_V4__A416371,CRC_V4,A416371,graphst,42,0.0437244241089267,estimate,spatial_domain,ARI,unit_mean_over_seeds_registered
CRC_V4__A416371,CRC_V4,A416371,graphst,1,0.0437244241089267,estimate,spatial_domain,ARI,unit_mean_over_seeds_registered
CRC_V4__A416371,CRC_V4,A416371,graphst,2,0.0437244241089267,estimate,spatial_domain,ARI,unit_mean_over_seeds_registered
CRC_V4__A416371,CRC_V4,A416371,bayesspace,42,0.0503826517341354,estimate,spatial_domain,ARI,unit_mean_over_seeds_registered
CRC_V4__A416371,CRC_V4,A416371,bayesspace,1,0.0503826517341354,estimate,spatial_domain,ARI,unit_mean_over_seeds_registered
CRC_V4__A416371,CRC_V4,A416371,bayesspace,2,0.0503826517341354,estimate,spatial_domain,ARI,unit_mean_over_seeds_registered
CRC_V4__A416371,CRC_V4,A416371,banksy,42,0.0609917289200547,estimate,spatial_domain,ARI,unit_mean_over_seeds_registered
CRC_V4__A416371,CRC_V4,A416371,banksy,1,0.0609917289200547,estimate,spatial_domain,ARI,unit_mean_over_seeds_registered
CRC_V4__A416371,CRC_V4,A416371,banksy,2,0.0609917289200547,estimate,spatial_domain,ARI,unit_mean_over_seeds_registered
CRC_V4__A416371,CRC_V4,A416371,spectral,42,0.0148782123777628,estimate,spatial_domain,ARI,unit_mean_over_seeds_registered
CRC_V4__A416371,CRC_V4,A416371,spectral,1,0.0148782123777628,estimate,spatial_domain,ARI,unit_mean_over_seeds_registered
CRC_V4__A416371,CRC_V4,A416371,spectral,2,0.0148782123777628,estimate,spatial_domain,ARI,unit_mean_over_seeds_registered
CRC_V4__A416371,CRC_V4,A416371,gaussian_mixture,42,0.0441515651733775,estimate,spatial_domain,ARI,unit_mean_over_seeds_registered
CRC_V4__A416371,CRC_V4,A416371,gaussian_mixture,1,0.0441515651733775,estimate,spatial_domain,ARI,unit_mean_over_seeds_registered
CRC_V4__A416371,CRC_V4,A416371,gaussian_mixture,2,0.0441515651733775,estimate,spatial_domain,ARI,unit_mean_over_seeds_registered
CRC_V4__A416371,CRC_V4,A416371,kmeans,42,0.0420462127876818,estimate,spatial_domain,ARI,unit_mean_over_seeds_registered
CRC_V4__A416371,CRC_V4,A416371,kmeans,1,0.0420462127876818,estimate,spatial_domain,ARI,unit_mean_over_seeds_registered
CRC_V4__A416371,CRC_V4,A416371,kmeans,2,0.0420462127876818,estimate,spatial_domain,ARI,unit_mean_over_seeds_registered
CRC_V4__A416371,CRC_V4,A416371,agglomerative,42,0.0387074949117638,estimate,spatial_domain,ARI,unit_mean_over_seeds_registered
CRC_V4__A416371,CRC_V4,A416371,agglomerative,1,0.0387074949117638,estimate,spatial_domain,ARI,unit_mean_over_seeds_registered
CRC_V4__A416371,CRC_V4,A416371,agglomerative,2,0.0387074949117638,estimate,spatial_domain,ARI,unit_mean_over_seeds_registered
CRC_V4__A551763,CRC_V4,A551763,spagcn,42,0.0301453986726232,estimate,spatial_domain,ARI,unit_mean_over_seeds_registered
CRC_V4__A551763,CRC_V4,A551763,spagcn,1,0.0301453986726232,estimate,spatial_domain,ARI,unit_mean_over_seeds_registered
CRC_V4__A551763,CRC_V4,A551763,spagcn,2,0.0301453986726232,estimate,spatial_domain,ARI,unit_mean_over_seeds_registered
CRC_V4__A551763,CRC_V4,A551763,stagate,42,0.0224460013584474,estimate,spatial_domain,ARI,unit_mean_over_seeds_registered
CRC_V4__A551763,CRC_V4,A551763,stagate,1,0.0224460013584474,estimate,spatial_domain,ARI,unit_mean_over_seeds_registered
CRC_V4__A551763,CRC_V4,A551763,stagate,2,0.0224460013584474,estimate,spatial_domain,ARI,unit_mean_over_seeds_registered
CRC_V4__A551763,CRC_V4,A551763,graphst,42,0.0709611249437558,estimate,spatial_domain,ARI,unit_mean_over_seeds_registered
CRC_V4__A551763,CRC_V4,A551763,graphst,1,0.0709611249437558,estimate,spatial_domain,ARI,unit_mean_over_seeds_registered
CRC_V4__A551763,CRC_V4,A551763,graphst,2,0.0709611249437558,estimate,spatial_domain,ARI,unit_mean_over_seeds_registered
CRC_V4__A551763,CRC_V4,A551763,bayesspace,42,0.0019275710261836,estimate,spatial_domain,ARI,unit_mean_over_seeds_registered
CRC_V4__A551763,CRC_V4,A551763,bayesspace,1,0.0019275710261836,estimate,spatial_domain,ARI,unit_mean_over_seeds_registered
CRC_V4__A551763,CRC_V4,A551763,bayesspace,2,0.0019275710261836,estimate,spatial_domain,ARI,unit_mean_over_seeds_registered
CRC_V4__A551763,CRC_V4,A551763,banksy,42,0.0703137583564781,estimate,spatial_domain,ARI,unit_mean_over_seeds_registered
CRC_V4__A551763,CRC_V4,A551763,banksy,1,0.0703137583564781,estimate,spatial_domain,ARI,unit_mean_over_seeds_registered
CRC_V4__A551763,CRC_V4,A551763,banksy,2,0.0703137583564781,estimate,spatial_domain,ARI,unit_mean_over_seeds_registered
CRC_V4__A551763,CRC_V4,A551763,spectral,42,0.1166835525336578,estimate,spatial_domain,ARI,unit_mean_over_seeds_registered
CRC_V4__A551763,CRC_V4,A551763,spectral,1,0.1166835525336578,estimate,spatial_domain,ARI,unit_mean_over_seeds_registered
CRC_V4__A551763,CRC_V4,A551763,spectral,2,0.1166835525336578,estimate,spatial_domain,ARI,unit_mean_over_seeds_registered
CRC_V4__A551763,CRC_V4,A551763,gaussian_mixture,42,0.0449417511225591,estimate,spatial_domain,ARI,unit_mean_over_seeds_registered
CRC_V4__A551763,CRC_V4,A551763,gaussian_mixture,1,0.0449417511225591,estimate,spatial_domain,ARI,unit_mean_over_seeds_registered
CRC_V4__A551763,CRC_V4,A551763,gaussian_mixture,2,0.0449417511225591,estimate,spatial_domain,ARI,unit_mean_over_seeds_registered
CRC_V4__A551763,CRC_V4,A551763,kmeans,42,0.1453152802676526,estimate,spatial_domain,ARI,unit_mean_over_seeds_registered
CRC_V4__A551763,CRC_V4,A551763,kmeans,1,0.1453152802676526,estimate,spatial_domain,ARI,unit_mean_over_seeds_registered
CRC_V4__A551763,CRC_V4,A551763,kmeans,2,0.1453152802676526,estimate,spatial_domain,ARI,unit_mean_over_seeds_registered
CRC_V4__A551763,CRC_V4,A551763,agglomerative,42,0.108183546527395,estimate,spatial_domain,ARI,unit_mean_over_seeds_registered
CRC_V4__A551763,CRC_V4,A551763,agglomerative,1,0.108183546527395,estimate,spatial_domain,ARI,unit_mean_over_seeds_registered
CRC_V4__A551763,CRC_V4,A551763,agglomerative,2,0.108183546527395,estimate,spatial_domain,ARI,unit_mean_over_seeds_registered
CRC_V4__A595688,CRC_V4,A595688,spagcn,42,0.3568554356034366,estimate,spatial_domain,ARI,unit_mean_over_seeds_registered
CRC_V4__A595688,CRC_V4,A595688,spagcn,1,0.3568554356034366,estimate,spatial_domain,ARI,unit_mean_over_seeds_registered
CRC_V4__A595688,CRC_V4,A595688,spagcn,2,0.3568554356034366,estimate,spatial_domain,ARI,unit_mean_over_seeds_registered
CRC_V4__A595688,CRC_V4,A595688,stagate,42,0.4067590565842368,estimate,spatial_domain,ARI,unit_mean_over_seeds_registered
CRC_V4__A595688,CRC_V4,A595688,stagate,1,0.4067590565842368,estimate,spatial_domain,ARI,unit_mean_over_seeds_registered
CRC_V4__A595688,CRC_V4,A595688,stagate,2,0.4067590565842368,estimate,spatial_domain,ARI,unit_mean_over_seeds_registered
CRC_V4__A595688,CRC_V4,A595688,graphst,42,0.3962514730673256,estimate,spatial_domain,ARI,unit_mean_over_seeds_registered
CRC_V4__A595688,CRC_V4,A595688,graphst,1,0.3962514730673256,estimate,spatial_domain,ARI,unit_mean_over_seeds_registered
CRC_V4__A595688,CRC_V4,A595688,graphst,2,0.3962514730673256,estimate,spatial_domain,ARI,unit_mean_over_seeds_registered
CRC_V4__A595688,CRC_V4,A595688,bayesspace,42,0.247056158270319,estimate,spatial_domain,ARI,unit_mean_over_seeds_registered
CRC_V4__A595688,CRC_V4,A595688,bayesspace,1,0.247056158270319,estimate,spatial_domain,ARI,unit_mean_over_seeds_registered
CRC_V4__A595688,CRC_V4,A595688,bayesspace,2,0.247056158270319,estimate,spatial_domain,ARI,unit_mean_over_seeds_registered
CRC_V4__A595688,CRC_V4,A595688,banksy,42,0.3273187132134834,estimate,spatial_domain,ARI,unit_mean_over_seeds_registered
CRC_V4__A595688,CRC_V4,A595688,banksy,1,0.3273187132134834,estimate,spatial_domain,ARI,unit_mean_over_seeds_registered
CRC_V4__A595688,CRC_V4,A595688,banksy,2,0.3273187132134834,estimate,spatial_domain,ARI,unit_mean_over_seeds_registered
CRC_V4__A595688,CRC_V4,A595688,spectral,42,0.2911256609997835,estimate,spatial_domain,ARI,unit_mean_over_seeds_registered
CRC_V4__A595688,CRC_V4,A595688,spectral,1,0.2911256609997835,estimate,spatial_domain,ARI,unit_mean_over_seeds_registered
CRC_V4__A595688,CRC_V4,A595688,spectral,2,0.2911256609997835,estimate,spatial_domain,ARI,unit_mean_over_seeds_registered
CRC_V4__A595688,CRC_V4,A595688,gaussian_mixture,42,0.3788930961970684,estimate,spatial_domain,ARI,unit_mean_over_seeds_registered
CRC_V4__A595688,CRC_V4,A595688,gaussian_mixture,1,0.3788930961970684,estimate,spatial_domain,ARI,unit_mean_over_seeds_registered
CRC_V4__A595688,CRC_V4,A595688,gaussian_mixture,2,0.3788930961970684,estimate,spatial_domain,ARI,unit_mean_over_seeds_registered
CRC_V4__A595688,CRC_V4,A595688,kmeans,42,0.4308951305774944,estimate,spatial_domain,ARI,unit_mean_over_seeds_registered
CRC_V4__A595688,CRC_V4,A595688,kmeans,1,0.4308951305774944,estimate,spatial_domain,ARI,unit_mean_over_seeds_registered
CRC_V4__A595688,CRC_V4,A595688,kmeans,2,0.4308951305774944,estimate,spatial_domain,ARI,unit_mean_over_seeds_registered
CRC_V4__A595688,CRC_V4,A595688,agglomerative,42,0.4059351717473032,estimate,spatial_domain,ARI,unit_mean_over_seeds_registered
CRC_V4__A595688,CRC_V4,A595688,agglomerative,1,0.4059351717473032,estimate,spatial_domain,ARI,unit_mean_over_seeds_registered
CRC_V4__A595688,CRC_V4,A595688,agglomerative,2,0.4059351717473032,estimate,spatial_domain,ARI,unit_mean_over_seeds_registered
CRC_V4__A798015,CRC_V4,A798015,spagcn,42,0.1951599672508654,estimate,spatial_domain,ARI,unit_mean_over_seeds_registered
CRC_V4__A798015,CRC_V4,A798015,spagcn,1,0.1951599672508654,estimate,spatial_domain,ARI,unit_mean_over_seeds_registered
CRC_V4__A798015,CRC_V4,A798015,spagcn,2,0.1951599672508654,estimate,spatial_domain,ARI,unit_mean_over_seeds_registered
CRC_V4__A798015,CRC_V4,A798015,stagate,42,0.1888886141493303,estimate,spatial_domain,ARI,unit_mean_over_seeds_registered
CRC_V4__A798015,CRC_V4,A798015,stagate,1,0.1888886141493303,estimate,spatial_domain,ARI,unit_mean_over_seeds_registered
CRC_V4__A798015,CRC_V4,A798015,stagate,2,0.1888886141493303,estimate,spatial_domain,ARI,unit_mean_over_seeds_registered
CRC_V4__A798015,CRC_V4,A798015,graphst,42,0.1796554645864273,estimate,spatial_domain,ARI,unit_mean_over_seeds_registered
CRC_V4__A798015,CRC_V4,A798015,graphst,1,0.1796554645864273,estimate,spatial_domain,ARI,unit_mean_over_seeds_registered
CRC_V4__A798015,CRC_V4,A798015,graphst,2,0.1796554645864273,estimate,spatial_domain,ARI,unit_mean_over_seeds_registered
CRC_V4__A798015,CRC_V4,A798015,bayesspace,42,0.1385957470083737,estimate,spatial_domain,ARI,unit_mean_over_seeds_registered
CRC_V4__A798015,CRC_V4,A798015,bayesspace,1,0.1385957470083737,estimate,spatial_domain,ARI,unit_mean_over_seeds_registered
CRC_V4__A798015,CRC_V4,A798015,bayesspace,2,0.1385957470083737,estimate,spatial_domain,ARI,unit_mean_over_seeds_registered
CRC_V4__A798015,CRC_V4,A798015,banksy,42,0.1774454226687266,estimate,spatial_domain,ARI,unit_mean_over_seeds_registered
CRC_V4__A798015,CRC_V4,A798015,banksy,1,0.1774454226687266,estimate,spatial_domain,ARI,unit_mean_over_seeds_registered
CRC_V4__A798015,CRC_V4,A798015,banksy,2,0.1774454226687266,estimate,spatial_domain,ARI,unit_mean_over_seeds_registered
CRC_V4__A798015,CRC_V4,A798015,spectral,42,0.1306729093054654,estimate,spatial_domain,ARI,unit_mean_over_seeds_registered
CRC_V4__A798015,CRC_V4,A798015,spectral,1,0.1306729093054654,estimate,spatial_domain,ARI,unit_mean_over_seeds_registered
CRC_V4__A798015,CRC_V4,A798015,spectral,2,0.1306729093054654,estimate,spatial_domain,ARI,unit_mean_over_seeds_registered
CRC_V4__A798015,CRC_V4,A798015,gaussian_mixture,42,0.1852350060334549,estimate,spatial_domain,ARI,unit_mean_over_seeds_registered
CRC_V4__A798015,CRC_V4,A798015,gaussian_mixture,1,0.1852350060334549,estimate,spatial_domain,ARI,unit_mean_over_seeds_registered
CRC_V4__A798015,CRC_V4,A798015,gaussian_mixture,2,0.1852350060334549,estimate,spatial_domain,ARI,unit_mean_over_seeds_registered
CRC_V4__A798015,CRC_V4,A798015,kmeans,42,0.1822663792794962,estimate,spatial_domain,ARI,unit_mean_over_seeds_registered
CRC_V4__A798015,CRC_V4,A798015,kmeans,1,0.1822663792794962,estimate,spatial_domain,ARI,unit_mean_over_seeds_registered
CRC_V4__A798015,CRC_V4,A798015,kmeans,2,0.1822663792794962,estimate,spatial_domain,ARI,unit_mean_over_seeds_registered
CRC_V4__A798015,CRC_V4,A798015,agglomerative,42,0.1815929515543099,estimate,spatial_domain,ARI,unit_mean_over_seeds_registered
CRC_V4__A798015,CRC_V4,A798015,agglomerative,1,0.1815929515543099,estimate,spatial_domain,ARI,unit_mean_over_seeds_registered
CRC_V4__A798015,CRC_V4,A798015,agglomerative,2,0.1815929515543099,estimate,spatial_domain,ARI,unit_mean_over_seeds_registered
CRC_V4__A938797,CRC_V4,A938797,spagcn,42,0.1658891155280683,estimate,spatial_domain,ARI,unit_mean_over_seeds_registered
CRC_V4__A938797,CRC_V4,A938797,spagcn,1,0.1658891155280683,estimate,spatial_domain,ARI,unit_mean_over_seeds_registered
CRC_V4__A938797,CRC_V4,A938797,spagcn,2,0.1658891155280683,estimate,spatial_domain,ARI,unit_mean_over_seeds_registered
CRC_V4__A938797,CRC_V4,A938797,stagate,42,0.0835756792372175,estimate,spatial_domain,ARI,unit_mean_over_seeds_registered
CRC_V4__A938797,CRC_V4,A938797,stagate,1,0.0835756792372175,estimate,spatial_domain,ARI,unit_mean_over_seeds_registered
CRC_V4__A938797,CRC_V4,A938797,stagate,2,0.0835756792372175,estimate,spatial_domain,ARI,unit_mean_over_seeds_registered
CRC_V4__A938797,CRC_V4,A938797,graphst,42,0.1455189395770965,estimate,spatial_domain,ARI,unit_mean_over_seeds_registered
CRC_V4__A938797,CRC_V4,A938797,graphst,1,0.1455189395770965,estimate,spatial_domain,ARI,unit_mean_over_seeds_registered
CRC_V4__A938797,CRC_V4,A938797,graphst,2,0.1455189395770965,estimate,spatial_domain,ARI,unit_mean_over_seeds_registered
CRC_V4__A938797,CRC_V4,A938797,bayesspace,42,0.1917887251740849,estimate,spatial_domain,ARI,unit_mean_over_seeds_registered
CRC_V4__A938797,CRC_V4,A938797,bayesspace,1,0.1917887251740849,estimate,spatial_domain,ARI,unit_mean_over_seeds_registered
CRC_V4__A938797,CRC_V4,A938797,bayesspace,2,0.1917887251740849,estimate,spatial_domain,ARI,unit_mean_over_seeds_registered
CRC_V4__A938797,CRC_V4,A938797,banksy,42,0.1417970122862181,estimate,spatial_domain,ARI,unit_mean_over_seeds_registered
CRC_V4__A938797,CRC_V4,A938797,banksy,1,0.1417970122862181,estimate,spatial_domain,ARI,unit_mean_over_seeds_registered
CRC_V4__A938797,CRC_V4,A938797,banksy,2,0.1417970122862181,estimate,spatial_domain,ARI,unit_mean_over_seeds_registered
CRC_V4__A938797,CRC_V4,A938797,spectral,42,0.1964913114145514,estimate,spatial_domain,ARI,unit_mean_over_seeds_registered
CRC_V4__A938797,CRC_V4,A938797,spectral,1,0.1964913114145514,estimate,spatial_domain,ARI,unit_mean_over_seeds_registered
CRC_V4__A938797,CRC_V4,A938797,spectral,2,0.1964913114145514,estimate,spatial_domain,ARI,unit_mean_over_seeds_registered
CRC_V4__A938797,CRC_V4,A938797,gaussian_mixture,42,0.2216745235313914,estimate,spatial_domain,ARI,unit_mean_over_seeds_registered
CRC_V4__A938797,CRC_V4,A938797,gaussian_mixture,1,0.2216745235313914,estimate,spatial_domain,ARI,unit_mean_over_seeds_registered
CRC_V4__A938797,CRC_V4,A938797,gaussian_mixture,2,0.2216745235313914,estimate,spatial_domain,ARI,unit_mean_over_seeds_registered
CRC_V4__A938797,CRC_V4,A938797,kmeans,42,0.1878877447942201,estimate,spatial_domain,ARI,unit_mean_over_seeds_registered
CRC_V4__A938797,CRC_V4,A938797,kmeans,1,0.1878877447942201,estimate,spatial_domain,ARI,unit_mean_over_seeds_registered
CRC_V4__A938797,CRC_V4,A938797,kmeans,2,0.1878877447942201,estimate,spatial_domain,ARI,unit_mean_over_seeds_registered
CRC_V4__A938797,CRC_V4,A938797,agglomerative,42,0.1727860112840683,estimate,spatial_domain,ARI,unit_mean_over_seeds_registered
CRC_V4__A938797,CRC_V4,A938797,agglomerative,1,0.1727860112840683,estimate,spatial_domain,ARI,unit_mean_over_seeds_registered
CRC_V4__A938797,CRC_V4,A938797,agglomerative,2,0.1727860112840683,estimate,spatial_domain,ARI,unit_mean_over_seeds_registered
